,Point_ID,LC,LC0_Desc,LC1_Desc,LU1_Desc,x,y
18,26841758,F40,Bareland,Other bare soil,Fallow land,-8.46669349,37.1082318
20,26841826,F40,Bareland,Other bare soil,Agriculture (excluding fallow land and kitchen gardens),-8.63084954,37.70546324
36,27001936,F40,Bareland,Other bare soil,Fallow land,-8.72628189,38.70516812
49,27101940,F40,Bareland,Other bare soil,Fallow land,-8.62443932,38.76226676
89,27321784,F40,Bareland,Other bare soil,Agriculture (excluding fallow land and kitchen gardens),-8.0014154,37.4399432
200,27802116,F40,Bareland,Other bare soil,Forestry,-8.27896245,40.45639412
297,28082404,F40,Bareland,Other bare soil,Forestry,-8.73123893,43.03246401
303,28102276,F10,Bareland,Rocks and stones,Semi-natural and natural areas not in use,-8.35292896,41.9205438
315,28181874,F40,Bareland,Other bare soil,Agriculture (excluding fallow land and kitchen gardens),-7.25722835,38.41119899
330,28202160,F10,Bareland,Rocks and stones,Semi-natural and natural areas not in use,-7.93082664,40.92757979
346,28261904,F40,Bareland,Other bare soil,Agriculture (excluding fallow land and kitchen gardens),-7.23712629,38.69174635
367,28302282,F10,Bareland,Rocks and stones,Semi-natural and natural areas not in use,-8.1337802,42.01639762
388,28361904,F40,Bareland,Other bare soil,Agriculture (excluding fallow land and kitchen gardens),-7.12489953,38.71205135
461,28542192,F10,Bareland,Rocks and stones,Semi-natural and natural areas not in use,-7.61764414,41.27974826
540,28741912,F40,Bareland,Other bare soil,Fallow land,-6.71598534,38.85858578
554,28761906,F40,Bareland,Other bare soil,Fallow land,-6.6799167,38.80960861
567,28782118,F40,Bareland,Other bare soil,Fallow land,-7.15456621,40.67997882
611,28901850,F40,Bareland,Other bare soil,Fallow land,-6.39840066,38.34255565
624,28921858,F40,Bareland,Other bare soil,Agriculture (excluding fallow land and kitchen gardens),-6.39356076,38.41711369
674,29021750,F40,Bareland,Other bare soil,Agriculture (excluding fallow land and kitchen gardens),-6.05075702,37.48089123
676,29022110,F40,Bareland,Other bare soil,Fallow land,-6.85776586,40.65812421
733,29161738,F40,Bareland,Other bare soil,Fallow land,-5.8710877,37.40091941
736,29162260,F40,Bareland,Other bare soil,Fallow land,-7.06274897,42.0039924
740,29181692,F40,Bareland,Other bare soil,Fallow land,-5.75481019,36.99675343
742,29181908,F40,Bareland,Other bare soil,Agriculture (excluding fallow land and kitchen gardens),-6.21123543,38.9089554
749,29201738,F40,Bareland,Other bare soil,Agriculture (excluding fallow land and kitchen gardens),-5.82690278,37.40839423
776,29281840,F40,Bareland,Other bare soil,Fallow land,-5.95173404,38.32674738
802,29341840,F40,Bareland,Other bare soil,Fallow land,-5.88458787,38.33803215
869,29481906,F40,Bareland,Other bare soil,Fallow land,-5.86831695,38.94820865
910,29581938,F40,Bareland,Other bare soil,Agriculture (excluding fallow land and kitchen gardens),-5.82427633,39.24991449
913,29582100,F40,Bareland,Other bare soil,Fallow land,-6.18621011,40.67997471
944,29681862,F40,Bareland,Other bare soil,Agriculture (excluding fallow land and kitchen gardens),-5.54955987,38.59597405
945,29681884,F40,Bareland,Other bare soil,Fallow land,-5.59576802,38.79077612
950,29683414,F40,Bareland,Other bare soil,Semi-natural and natural areas not in use,-10.056282,52.14247082
990,29782170,F40,Bareland,Other bare soil,Fallow land,-6.11574187,41.33519352
994,29801730,F40,Bareland,Other bare soil,Fallow land,-5.14732396,37.44699574
1004,29841626,F40,Bareland,Other bare soil,Construction,-4.90194613,36.52939954
1035,29922134,F40,Bareland,Other bare soil,Fallow land,-5.86913061,41.0445169
1051,29942222,F40,Bareland,Other bare soil,Protection infrastructures,-6.04979462,41.82382156
1056,29961846,F40,Bareland,Other bare soil,Fallow land,-5.20184921,38.5050921
1068,29981914,F40,Bareland,Other bare soil,Fallow land,-5.31970175,39.111298
1077,30001728,F40,Bareland,Other bare soil,Fallow land,-4.92199462,37.46469687
1100,30041718,F40,Bareland,Other bare soil,Fallow land,-4.85830724,37.38283422
1119,30062254,F40,Bareland,Other bare soil,Fallow land,-5.98351919,42.12849915
1133,30082172,F40,Bareland,Other bare soil,Fallow land,-5.76896489,41.40974345
1144,30102152,F40,Bareland,Other bare soil,Forestry,-5.69994666,41.23708685
1158,30122154,F40,Bareland,Other bare soil,Fallow land,-5.68109143,41.25846531
1190,30162192,F40,Bareland,Other bare soil,Fallow land,-5.72088332,41.60109898
1191,30162202,F40,Bareland,Other bare soil,Fallow land,-5.74388411,41.68926685
1199,30182170,F40,Bareland,Other bare soil,Fallow land,-5.64714184,41.41080287
1201,30182218,F40,Bareland,Other bare soil,Fallow land,-5.75726634,41.83406119
1210,30202134,F40,Bareland,Other bare soil,Fallow land,-5.54254231,41.09682359
1214,30202206,F40,Bareland,Other bare soil,Fallow land,-5.70597138,41.73202543
1232,30222214,F40,Bareland,Other bare soil,Fallow land,-5.70081601,41.80629817
1252,30242336,F10,Bareland,Rocks and stones,Semi-natural and natural areas not in use,-5.96497463,42.88451703
1257,30261916,F40,Bareland,Other bare soil,Fallow land,-5.00631695,39.17929557
1289,30302096,F40,Bareland,Other bare soil,Fallow land,-5.34194047,40.77955797
1291,30302150,F40,Bareland,Other bare soil,Fallow land,-5.4614621,41.2565191
1324,30342192,F40,Bareland,Other bare soil,Fallow land,-5.50908334,41.63457717
1352,30382224,F40,Bareland,Other bare soil,Fallow land,-5.53478316,41.92425796
1381,30422110,F40,Bareland,Other bare soil,Fallow land,-5.23295156,40.92509586
1409,30462008,F40,Bareland,Other bare soil,Fallow land,-4.96854861,40.02991033
1416,30462200,F40,Bareland,Other bare soil,Fallow land,-5.38578216,41.72725702
1419,30462264,F40,Bareland,Other bare soil,Fallow land,-5.5319199,42.2917855
1425,30482104,F40,Bareland,Other bare soil,Fallow land,-5.15002002,40.88289821
1429,30482176,F40,Bareland,Other bare soil,Fallow land,-5.30840759,41.51904716
1451,30502206,F40,Bareland,Other bare soil,Fallow land,-5.35211384,41.78753758
1454,30502250,F40,Bareland,Other bare soil,Fallow land,-5.45213934,42.17573226
1458,30502308,F40,Bareland,Other bare soil,Fallow land,-5.58666667,42.68699556
1478,30541930,F40,Bareland,Other bare soil,Fallow land,-4.71655701,39.35272849
1479,30541984,F40,Bareland,Other bare soil,Fallow land,-4.82682919,39.83145639
1495,30562086,F40,Bareland,Other bare soil,Fallow land,-5.01817064,40.73806393
1496,30562108,F40,Bareland,Other bare soil,Fallow land,-5.06549531,40.93263944
1503,30562194,F40,Bareland,Other bare soil,Fallow land,-5.2544085,41.69254596
1505,30562224,F40,Bareland,Other bare soil,Fallow land,-5.32181173,41.95736588
1506,30562256,F40,Bareland,Other bare soil,Fallow land,-5.3945881,42.23969071
1519,30582258,F40,Bareland,Other bare soil,Fallow land,-5.37538029,42.26100279
1532,30602264,F40,Bareland,Other bare soil,Fallow land,-5.36531024,42.31759351
1535,30602296,F40,Bareland,Other bare soil,Fallow land,-5.43903163,42.59976585
1565,30642260,F40,Bareland,Other bare soil,Fallow land,-5.30856088,42.28962949
1576,30662208,F40,Bareland,Other bare soil,Fallow land,-5.16761822,41.83429499
1590,30682088,F40,Bareland,Other bare soil,Fallow land,-4.88294524,40.77708961
1603,30702108,F40,Bareland,Other bare soil,Fallow land,-4.9022902,40.95759161
1605,30702256,F40,Bareland,Other bare soil,Fallow land,-5.22807277,42.26526777
1619,30722098,F40,Bareland,Other bare soil,Fallow land,-4.85765349,40.87265331
1624,30722268,F40,Bareland,Other bare soil,Fallow land,-5.23148739,42.374791
1639,30742212,F40,Bareland,Other bare soil,Fallow land,-5.08193086,41.88404514
1642,30742266,F40,Bareland,Other bare soil,Fallow land,-5.20310948,42.3607759
1654,30762276,F40,Bareland,Other bare soil,Fallow land,-5.20196526,42.4526445
1662,30781994,F40,Bareland,Other bare soil,Fallow land,-4.57185265,39.96195465
1670,30782218,F40,Bareland,Other bare soil,Agriculture (excluding fallow land and kitchen gardens),-5.04790812,41.94422512
1672,30782288,F40,Bareland,Other bare soil,Fallow land,-5.20540269,42.56215004
1698,30822092,F40,Bareland,Other bare soil,Fallow land,-4.72849836,40.83714246
1742,30881994,F40,Bareland,Other bare soil,Fallow land,-4.45690819,39.97918169
1746,30882288,F40,Bareland,Other bare soil,Fallow land,-5.08580664,42.58023785
1754,30901666,F40,Bareland,Other bare soil,Fallow land,-3.81152185,37.06513162
1755,30901972,F40,Bareland,Other bare soil,Fallow land,-4.38972454,39.78744292
1762,30902164,F40,Bareland,Other bare soil,Fallow land,-4.78823976,41.48828205
1790,30941854,F40,Bareland,Other bare soil,Fallow land,-4.1137193,38.74607027
1803,30961900,F40,Bareland,Other bare soil,Agriculture (excluding fallow land and kitchen gardens),-4.17949527,39.15830168
1805,30962098,F40,Bareland,Other bare soil,Fallow land,-4.57795683,40.91466879
1806,30962228,F40,Bareland,Other bare soil,Agriculture (excluding fallow land and kitchen gardens),-4.85660602,42.06467096
1807,30962246,F40,Bareland,Other bare soil,Fallow land,-4.89631787,42.22370674
1817,30981866,F40,Bareland,Other bare soil,Fallow land,-4.09140696,38.85944697
1837,31002080,F40,Bareland,Other bare soil,Fallow land,-4.49393606,40.76214673
1839,31002188,F40,Bareland,Other bare soil,Fallow land,-4.72213737,41.71811873
1845,31002282,F40,Bareland,Other bare soil,Fallow land,-4.92875663,42.54877982
1849,31021664,F40,Bareland,Other bare soil,Agriculture (excluding fallow land and kitchen gardens),-3.67556815,37.0667351
1909,31102220,F40,Bareland,Other bare soil,Fallow land,-4.67300882,42.01861403
1913,31102292,F40,Bareland,Other bare soil,Fallow land,-4.83138954,42.65486228
1948,31142272,F40,Bareland,Other bare soil,Fallow land,-4.73913661,42.48525359
1971,31182074,F10,Bareland,Rocks and stones,Agriculture (excluding fallow land and kitchen gardens),-4.27218259,40.7397603
1978,31182246,F40,Bareland,Other bare soil,Agriculture (excluding fallow land and kitchen gardens),-4.63440877,42.26247573
1986,31201884,F40,Bareland,Other bare soil,Agriculture (excluding fallow land and kitchen gardens),-3.87630729,39.05594884
1995,31202288,F40,Bareland,Other bare soil,Fallow land,-4.70267323,42.63717106
2014,31242022,F40,Bareland,Other bare soil,Fallow land,-4.09800277,40.28863147
2016,31242094,F40,Bareland,Other bare soil,Fallow land,-4.24305537,40.92723333
2042,31281842,F40,Bareland,Other bare soil,Fallow land,-3.70716394,38.69528412
2059,31301862,F40,Bareland,Other bare soil,Fallow land,-3.72165879,38.87655647
2063,31301956,F40,Bareland,Other bare soil,Fallow land,-3.89974671,39.71249828
2118,31361918,F40,Bareland,Other bare soil,Fallow land,-3.75854806,39.38453376
2119,31361940,F40,Bareland,Other bare soil,Fallow land,-3.80034643,39.58014852
2124,31362156,F40,Bareland,Other bare soil,Fallow land,-4.22997532,41.49698393
2133,31381934,F40,Bareland,Other bare soil,Fallow land,-3.76604668,39.53007413
2142,31382306,F40,Bareland,Other bare soil,Fallow land,-4.52627083,42.82766858
2148,31402008,F40,Bareland,Other bare soil,Fallow land,-3.8855956,40.19093507
2156,31402286,F40,Bareland,Other bare soil,Fallow land,-4.45853701,42.65433692
2190,31441936,F40,Bareland,Other bare soil,Fallow land,-3.7012226,39.55763152
2197,31442296,F40,Bareland,Other bare soil,Fallow land,-4.43229472,42.74965614
2200,31461690,F40,Bareland,Other bare soil,Fallow land,-3.23422543,37.3686738
2201,31461702,F40,Bareland,Other bare soil,Fallow land,-3.2549591,37.47582227
2202,31461716,F40,Bareland,Other bare soil,Fallow land,-3.27926473,37.60080099
2205,31461986,F40,Bareland,Other bare soil,Fallow land,-3.77375174,40.00535348
2212,31462188,F40,Bareland,Other bare soil,Fallow land,-4.17843517,41.79736599
2224,31463508,F40,Bareland,Other bare soil,Agriculture (excluding fallow land and kitchen gardens),-7.85918193,53.36781128
2232,31482262,F40,Bareland,Other bare soil,Fallow land,-4.31094091,42.45582032
2256,31521826,F40,Bareland,Other bare soil,Fallow land,-3.4070091,38.59128751
2280,31541858,F40,Bareland,Other bare soil,Fallow land,-3.44244986,38.879546
2281,31541994,F40,Bareland,Other bare soil,Fallow land,-3.69694981,40.08949283
2296,31561952,F40,Bareland,Other bare soil,Fallow land,-3.5940099,39.71934906
2298,31561974,F40,Bareland,Other bare soil,Agriculture (excluding fallow land and kitchen gardens),-3.63568983,39.91496843
2302,31562114,F40,Bareland,Other bare soil,Fallow land,-3.90932771,41.15819248
2323,31601928,F40,Bareland,Other bare soil,Fallow land,-3.50319996,39.51228324
2324,31601946,F40,Bareland,Other bare soil,Fallow land,-3.5368585,39.67242169
2346,31621678,F40,Bareland,Other bare soil,Fallow land,-3.03636335,37.28628358
2369,31641698,F40,Bareland,Other bare soil,Fallow land,-3.04816516,37.46804691
2371,31641870,F40,Bareland,Other bare soil,Fallow land,-3.35089,39.00229832
2393,31661854,F40,Bareland,Other bare soil,Fallow land,-3.29924338,38.86291494
2395,31661902,F40,Bareland,Other bare soil,Fallow land,-3.38659712,39.29043514
2412,31681918,F40,Bareland,Other bare soil,Fallow land,-3.39322131,39.4360467
2413,31681930,F40,Bareland,Other bare soil,Fallow land,-3.41540696,39.54285259
2415,31681972,F40,Bareland,Other bare soil,Fallow land,-3.4938587,39.91650988
2426,31701668,F40,Bareland,Other bare soil,Fallow land,-2.93090717,37.20916824
2435,31702280,F40,Bareland,Other bare soil,Fallow land,-4.08577015,42.65242572
2445,31721930,F40,Bareland,Other bare soil,Fallow land,-3.36963452,39.54920728
2447,31721966,F40,Bareland,Other bare soil,Fallow land,-3.43658544,39.86953707
2449,31722080,F10,Bareland,Rocks and stones,Semi-natural and natural areas not in use,-3.65478786,40.88269803
2456,31722218,F40,Bareland,Other bare soil,Fallow land,-3.93216382,42.10672097
2462,31741740,F10,Bareland,Rocks and stones,Semi-natural and natural areas not in use,-3.00862495,37.85853441
2481,31742294,F40,Bareland,Other bare soil,Fallow land,-4.06742777,42.78306689
2486,31761882,F40,Bareland,Other bare soil,Fallow land,-3.23628228,39.12809586
2488,31762088,F40,Bareland,Other bare soil,Forestry,-3.62371152,40.96022551
2495,31781976,F40,Bareland,Other bare soil,Fallow land,-3.38625734,39.96804638
2496,31782036,F40,Bareland,Other bare soil,Fallow land,-3.49979182,40.50152627
2522,31802062,F40,Bareland,Other bare soil,Fallow land,-3.52651023,40.73576446
2523,31802070,F40,Bareland,Other bare soil,Fallow land,-3.54197647,40.80683182
2524,31802196,F40,Bareland,Other bare soil,Fallow land,-3.79202728,41.92497204
2578,31862062,F40,Bareland,Other bare soil,Fallow land,-3.45659976,40.74539475
2594,31881872,F40,Bareland,Other bare soil,Fallow land,-3.08188133,39.0577013
2595,31881898,F40,Bareland,Other bare soil,Fallow land,-3.12848072,39.2893893
2597,31881938,F40,Bareland,Other bare soil,Fallow land,-3.20107428,39.64564348
2601,31882142,F40,Bareland,Other bare soil,Agriculture (excluding fallow land and kitchen gardens),-3.58911729,41.45903798
2621,31901958,F40,Bareland,Other bare soil,Agriculture (excluding fallow land and kitchen gardens),-3.21479819,39.82682543
2623,31902066,F40,Bareland,Other bare soil,Fallow land,-3.41764669,40.78733282
2626,31902138,F40,Bareland,Other bare soil,Agriculture (excluding fallow land and kitchen gardens),-3.55765833,41.42677076
2636,31921834,F40,Bareland,Other bare soil,Fallow land,-2.96934609,38.72505857
2648,31942062,F40,Bareland,Other bare soil,Fallow land,-3.36335673,40.75815829
2649,31942134,F40,Bareland,Other bare soil,Agriculture (excluding fallow land and kitchen gardens),-3.50269208,41.39771228
2652,31942200,F40,Bareland,Other bare soil,Fallow land,-3.63390396,41.98334767
2654,31961694,F40,Bareland,Other bare soil,Fallow land,-2.68585936,37.4809128
2661,31962076,F40,Bareland,Other bare soil,Fallow land,-3.3667854,40.88575636
2665,31962210,F40,Bareland,Other bare soil,Fallow land,-3.63028895,42.07528543
2675,31981858,F40,Bareland,Other bare soil,Fallow land,-2.94350226,38.94830725
2679,31982142,F40,Bareland,Other bare soil,Agriculture (excluding fallow land and kitchen gardens),-3.47127157,41.47516348
2698,32002162,F40,Bareland,Other bare soil,Fallow land,-3.48702752,41.6559103
2715,32022064,F40,Bareland,Other bare soil,Fallow land,-3.27387354,40.78861315
2717,32022142,F40,Bareland,Other bare soil,Fallow land,-3.42411814,41.48157477
2736,32041958,F40,Bareland,Other bare soil,Fallow land,-3.05382128,39.84865575
2743,32042128,F40,Bareland,Other bare soil,Agriculture (excluding fallow land and kitchen gardens),-3.37327923,41.36044793
2747,32042180,F40,Bareland,Other bare soil,Fallow land,-3.47528475,41.82208971
2757,32061916,F40,Bareland,Other bare soil,Agriculture (excluding fallow land and kitchen gardens),-2.95517876,39.47761212
2768,32062214,F40,Bareland,Other bare soil,Semi-natural and natural areas not in use,-3.51929786,42.12696628
2775,32081702,F40,Bareland,Other bare soil,Fallow land,-2.56558799,37.57033772
2792,32102014,F40,Bareland,Other bare soil,Fallow land,-3.08721589,40.35645736
2821,32141874,F40,Bareland,Other bare soil,Fallow land,-2.78970665,39.11539311
2824,32141958,F40,Bareland,Other bare soil,Fallow land,-2.93877987,39.86408653
2827,32142022,F40,Bareland,Other bare soil,Fallow land,-3.05561096,40.43386014
2830,32142066,F40,Bareland,Other bare soil,Fallow land,-3.13761794,40.82525284
2841,32143506,F40,Bareland,Other bare soil,Abandoned areas,-6.85428211,53.49564653
2849,32161894,F40,Bareland,Other bare soil,Fallow land,-2.8019488,39.29678213
2855,32162034,F40,Bareland,Other bare soil,Fallow land,-3.05459007,40.54373779
2859,32162128,F40,Bareland,Other bare soil,Fallow land,-3.23202668,41.37947031
2881,32181928,F40,Bareland,Other bare soil,Fallow land,-2.83914379,39.6029146
2882,32182014,F40,Bareland,Other bare soil,Fallow land,-2.99447536,40.36885949
2898,32201926,F40,Bareland,Other bare soil,Fallow land,-2.8126708,39.5881332
2902,32202034,F40,Bareland,Other bare soil,Fallow land,-3.00808722,40.54993718
2903,32202060,F40,Bareland,Other bare soil,Fallow land,-3.05635647,40.78124371
2904,32202078,F40,Bareland,Other bare soil,Fallow land,-3.09005938,40.94132523
2929,32222146,F40,Bareland,Other bare soil,Fallow land,-3.1959209,41.54883273
2946,32241920,F40,Bareland,Other bare soil,Fallow land,-2.75623755,39.54071728
2968,32261702,F40,Bareland,Other bare soil,Agriculture (excluding fallow land and kitchen gardens),-2.36514625,37.59683977
2992,32281920,F40,Bareland,Other bare soil,Fallow land,-2.71041864,39.54676072
3016,32301864,F40,Bareland,Other bare soil,Fallow land,-2.59036089,39.05024289
3023,32302160,F40,Bareland,Other bare soil,Fallow land,-3.12830804,41.68576093
3053,32341750,F40,Bareland,Other bare soil,Fallow land,-2.35398713,38.03782741
3063,32341990,F40,Bareland,Other bare soil,Fallow land,-2.76563022,40.17965692
3070,32342152,F40,Bareland,Other bare soil,Fallow land,-3.065656,41.62092957
3083,32361874,F40,Bareland,Other bare soil,Fallow land,-2.53922182,39.14842024
3128,32401912,F40,Bareland,Other bare soil,Fallow land,-2.55903326,39.49340771
3130,32401976,F40,Bareland,Other bare soil,Fallow land,-2.67130306,40.06399349
3150,32421728,F40,Bareland,Other bare soil,Agriculture (excluding fallow land and kitchen gardens),-2.2286336,37.8526909
3159,32422124,F40,Bareland,Other bare soil,Fallow land,-2.91820462,41.38443328
3170,32441738,F40,Bareland,Other bare soil,Agriculture (excluding fallow land and kitchen gardens),-2.22241273,37.94503788
3186,32461726,F40,Bareland,Other bare soil,Fallow land,-2.1806851,37.84056765
3213,32481738,F40,Bareland,Other bare soil,Agriculture (excluding fallow land and kitchen gardens),-2.17762057,37.95080729
3232,32501904,F40,Bareland,Other bare soil,Fallow land,-2.43079713,39.43685968
3233,32501932,F40,Bareland,Other bare soil,Fallow land,-2.47900739,39.68665706
3245,32521750,F40,Bareland,Other bare soil,Fallow land,-2.1521387,38.06390851
3270,32541924,F40,Bareland,Other bare soil,Fallow land,-2.41928974,39.62120432
3283,32561746,F40,Bareland,Other bare soil,Fallow land,-2.10083951,38.0338609
3302,32581742,F40,Bareland,Other bare soil,Agriculture (excluding fallow land and kitchen gardens),-2.07200686,38.00093067
3306,32581868,F40,Bareland,Other bare soil,Fallow land,-2.27844357,39.12722157
3308,32582012,F40,Bareland,Other bare soil,Fallow land,-2.52675733,40.41173767
3340,32621882,F40,Bareland,Other bare soil,Fallow land,-2.25633898,39.25805366
3354,32641866,F40,Bareland,Other bare soil,Fallow land,-2.20675083,39.11806831
3367,32662124,F40,Bareland,Other bare soil,Fallow land,-2.63530515,41.4209851
3411,32722058,F40,Bareland,Other bare soil,Fallow land,-2.44540237,40.84236003
3413,32722098,F40,Bareland,Other bare soil,Fallow land,-2.51723717,41.19857149
3422,32741898,F40,Bareland,Other bare soil,Fallow land,-2.14602079,39.41829051
3424,32742006,F40,Bareland,Other bare soil,Fallow land,-2.33045139,40.3819078
3427,32742100,F40,Bareland,Other bare soil,Fallow land,-2.49734217,41.21935771
3436,32761828,F40,Bareland,Other bare soil,Fallow land,-2.00779127,38.79573118
3459,32782150,F40,Bareland,Other bare soil,Protection infrastructures,-2.54127108,41.67033862
3467,32801814,F40,Bareland,Other bare soil,Fallow land,-1.93980455,38.67623025
3498,32842038,F40,Bareland,Other bare soil,Fallow land,-2.26996636,40.68179782
3511,32861850,F40,Bareland,Other bare soil,Fallow land,-1.92996579,39.00657771
3529,32882088,F40,Bareland,Other bare soil,Fallow land,-2.31129887,41.13318413
3549,32901950,F40,Bareland,Other bare soil,Fallow land,-2.04945479,39.90552426
3579,32922100,F40,Bareland,Other bare soil,Fallow land,-2.28560738,41.24593758
3583,32941850,F40,Bareland,Other bare soil,Fallow land,-1.83893751,39.01784781
3603,32962096,F40,Bareland,Other bare soil,Fallow land,-2.23144962,41.21614873
3604,32962114,F40,Bareland,Other bare soil,Fallow land,-2.2634151,41.37648721
3607,32962154,F40,Bareland,Other bare soil,Fallow land,-2.3352624,41.73264825
3610,32962280,F40,Bareland,Other bare soil,Fallow land,-2.56915616,42.85325071
3615,32981868,F40,Bareland,Other bare soil,Fallow land,-1.82243798,39.18437577
3617,32982084,F40,Bareland,Other bare soil,Fallow land,-2.18677596,41.11214019
3636,33002172,F40,Bareland,Other bare soil,Fallow land,-2.32040829,41.89874923
3643,33021926,F40,Bareland,Other bare soil,Fallow land,-1.87133477,39.70826649
3658,33022146,F40,Bareland,Other bare soil,Fallow land,-2.24972448,41.67022621
3668,33041814,F40,Bareland,Other bare soil,Fallow land,-1.66797276,38.7097866
3682,33042228,F40,Bareland,Other bare soil,Fallow land,-2.37532948,42.40289675
3686,33061810,F40,Bareland,Other bare soil,Agriculture (excluding fallow land and kitchen gardens),-1.63901986,38.67675488
3704,33081708,F40,Bareland,Other bare soil,Fallow land,-1.45942356,37.76599436
3712,33082116,F40,Bareland,Other bare soil,Fallow land,-2.12539949,41.41174957
3737,33122098,F40,Bareland,Other bare soil,Fallow land,-2.04666967,41.25711781
3739,33122146,F40,Bareland,Other bare soil,Fallow land,-2.13122143,41.68477085
3754,33142100,F40,Bareland,Other bare soil,Fallow land,-2.02660573,41.27781232
3755,33142106,F40,Bareland,Other bare soil,Fallow land,-2.03707649,41.33128607
3767,33161742,F40,Bareland,Other bare soil,Fallow land,-1.42123315,38.08150896
3770,33162048,F40,Bareland,Other bare soil,Fallow land,-1.91349015,40.81702315
3772,33162102,F40,Bareland,Other bare soil,Fallow land,-2.00652955,41.29850266
3779,33181700,F40,Bareland,Other bare soil,Fallow land,-1.33565704,37.70774893
3789,33182168,F40,Bareland,Other bare soil,Fallow land,-2.09916554,41.88937446
3809,33222102,F40,Bareland,Other bare soil,Fallow land,-1.93582696,41.30706501
3822,33241858,F40,Bareland,Other bare soil,Fallow land,-1.50990875,39.13092017
3835,33262054,F40,Bareland,Other bare soil,Fallow land,-1.80666166,40.88466866
3841,33262230,F40,Bareland,Other bare soil,Agriculture (excluding fallow land and kitchen gardens),-2.11512381,42.45289422
3853,33282150,F40,Bareland,Other bare soil,Fallow land,-1.94852593,41.7433909
3872,33321866,F40,Bareland,Other bare soil,Fallow land,-1.43116648,39.21337483
3879,33322114,F40,Bareland,Other bare soil,Fallow land,-1.83857998,41.42821553
3898,33342044,F40,Bareland,Other bare soil,Fallow land,-1.69620558,40.80663534
3933,33382188,F40,Bareland,Other bare soil,Agriculture (excluding fallow land and kitchen gardens),-1.89635905,42.09615777
3944,33402048,F40,Bareland,Other bare soil,Fallow land,-1.63267638,40.8506685
3960,33422074,F40,Bareland,Other bare soil,Fallow land,-1.65272613,41.08546264
3961,33422170,F40,Bareland,Other bare soil,Fallow land,-1.81709361,41.94145635
3962,33422232,F40,Bareland,Other bare soil,Fallow land,-1.92660944,42.49369357
3970,33441690,F40,Bareland,Other bare soil,Fallow land,-1.03052507,37.65241868
3971,33441708,F40,Bareland,Other bare soil,Fallow land,-1.05669051,37.81390734
3980,33442180,F40,Bareland,Other bare soil,Agriculture (excluding fallow land and kitchen gardens),-1.81072573,42.03338216
3995,33462172,F40,Bareland,Other bare soil,Fallow land,-1.77293676,41.96491258
3996,33462186,F40,Bareland,Other bare soil,Fallow land,-1.79735582,42.08966164
4013,33502070,F40,Bareland,Other bare soil,Fallow land,-1.55205637,41.0608279
4023,33521706,F40,Bareland,Other bare soil,Fallow land,-0.9642353,37.80637918
4062,33562164,F40,Bareland,Other bare soil,Fallow land,-1.64002511,41.90758638
4067,33581694,F40,Bareland,Other bare soil,Fallow land,-0.87985363,37.70644294
4077,33582148,F40,Bareland,Other bare soil,Fallow land,-1.58888275,41.76770343
4088,33601984,F40,Bareland,Other bare soil,Fallow land,-1.29516356,40.30633938
4089,33601998,F40,Bareland,Other bare soil,Fallow land,-1.31754241,40.43145489
4091,33602016,F40,Bareland,Other bare soil,Fallow land,-1.34649386,40.5922819
4096,33602170,F40,Bareland,Other bare soil,Fallow land,-1.60267849,41.96662714
4100,33602224,F40,Bareland,Other bare soil,Agriculture (excluding fallow land and kitchen gardens),-1.69625661,42.44786739
4111,33622018,F40,Bareland,Other bare soil,Fallow land,-1.32638837,40.61284817
4126,33642010,F40,Bareland,Other bare soil,Fallow land,-1.29020057,40.54406296
4133,33642168,F40,Bareland,Other bare soil,Fallow land,-1.55159552,41.95432633
4144,33661990,F40,Bareland,Other bare soil,Fallow land,-1.23499667,40.36800709
4145,33662002,F40,Bareland,Other bare soil,Fallow land,-1.2541017,40.47525727
4157,33681974,F40,Bareland,Other bare soil,Agriculture (excluding fallow land and kitchen gardens),-1.18645998,40.22764238
4161,33682016,F40,Bareland,Other bare soil,Fallow land,-1.25316972,40.60304163
4162,33682024,F40,Bareland,Other bare soil,Fallow land,-1.2659998,40.67452157
4164,33682088,F40,Bareland,Other bare soil,Fallow land,-1.37009144,41.24607961
4181,33702206,F40,Bareland,Other bare soil,Agriculture (excluding fallow land and kitchen gardens),-1.54504132,42.30136338
4183,33721992,F40,Bareland,Other bare soil,Fallow land,-1.16839729,40.39388033
4191,33722162,F40,Bareland,Other bare soil,Fallow land,-1.44611686,41.9118069
4193,33722190,F40,Bareland,Other bare soil,Fallow land,-1.49366622,42.16148729
4214,33742128,F40,Bareland,Other bare soil,Fallow land,-1.36537818,41.61121447
4216,33742170,F40,Bareland,Other bare soil,Fallow land,-1.43580358,41.98588818
4221,33761994,F40,Bareland,Other bare soil,Fallow land,-1.12501931,40.41706428
4230,33762144,F40,Bareland,Other bare soil,Fallow land,-1.36830987,41.75668884
4238,33781764,F40,Bareland,Other bare soil,Fallow land,-0.75568676,38.36009928
4256,33801978,F40,Bareland,Other bare soil,Fallow land,-1.0534516,40.27927934
4257,33801996,F40,Bareland,Other bare soil,Fallow land,-1.08161162,40.4402292
4269,33821988,F40,Bareland,Other bare soil,Fallow land,-1.0458152,40.3713318
4270,33822024,F40,Bareland,Other bare soil,Fallow land,-1.10243669,40.69316324
4274,33822186,F40,Bareland,Other bare soil,Fallow land,-1.36732565,42.1394781
4285,33842020,F40,Bareland,Other bare soil,Fallow land,-1.07274605,40.66005126
4287,33842120,F40,Bareland,Other bare soil,Fallow land,-1.23368091,41.55329813
4294,33842866,F40,Bareland,Other bare soil,Agriculture (excluding fallow land and kitchen gardens),-2.66545738,48.18157447
4300,33862028,F40,Bareland,Other bare soil,Fallow land,-1.06200336,40.73419247
4307,33862240,F40,Bareland,Other bare soil,Fallow land,-1.41126889,42.62637106
4315,33882026,F40,Bareland,Other bare soil,Fallow land,-1.03546194,40.71894714
4333,33902114,F40,Bareland,Other bare soil,Fallow land,-1.1528351,41.50774581
4353,33922020,F40,Bareland,Other bare soil,Fallow land,-0.97928794,40.67055305
4381,33961792,F40,Bareland,Other bare soil,Fallow land,-0.59225376,38.63400269
4389,33962116,F40,Bareland,Other bare soil,Fallow land,-1.08504383,41.53356375
4403,33982068,F40,Bareland,Other bare soil,Fallow land,-0.98455294,41.10742545
4436,34022044,F40,Bareland,Other bare soil,Fallow land,-0.89978412,40.89813796
4453,34042340,F40,Bareland,Other bare soil,Residential,-1.36638843,43.54188228
4473,34082060,F40,Bareland,Other bare soil,Fallow land,-0.85435829,41.04894123
4490,34102056,F40,Bareland,Other bare soil,Fallow land,-0.82460897,41.0157675
4491,34102088,F40,Bareland,Other bare soil,Fallow land,-0.87478281,41.3017802
4520,34142092,F40,Bareland,Other bare soil,Fallow land,-0.83385968,41.34270312
4529,34162756,F40,Bareland,Other bare soil,Construction,-2.0071884,47.25526704
4542,34201858,F40,Bareland,Other bare soil,Fallow land,-0.41322255,39.25575565
4558,34221880,F40,Bareland,Other bare soil,Fallow land,-0.42182827,39.45545118
4590,34262126,F40,Bareland,Other bare soil,Fallow land,-0.74528437,41.66196776
4607,34282128,F40,Bareland,Other bare soil,Fallow land,-0.72468242,41.68240112
4608,34282146,F40,Bareland,Other bare soil,Fallow land,-0.75309063,41.84321821
4620,34302684,F40,Bareland,Other bare soil,Agriculture (excluding fallow land and kitchen gardens),-1.67989861,46.63656555
4644,34362082,F40,Bareland,Other bare soil,Fallow land,-0.55857842,41.28137457
4660,34382080,F40,Bareland,Other bare soil,Fallow land,-0.53191587,41.26600462
4691,34422080,F40,Bareland,Other bare soil,Fallow land,-0.48470806,41.2710175
4726,34463142,F40,Bareland,Other bare soil,Construction,-2.45843076,50.7170092
4729,34482058,F40,Bareland,Other bare soil,Fallow land,-0.38080342,41.08167686
4732,34482148,F40,Bareland,Other bare soil,Fallow land,-0.51796161,41.8864945
4775,34542106,F40,Bareland,Other bare soil,Fallow land,-0.38225019,41.51848635
4778,34542186,F40,Bareland,Other bare soil,Fallow land,-0.50544129,42.23359543
4821,34602092,F40,Bareland,Other bare soil,Fallow land,-0.29011582,41.40066024
4853,34662094,F40,Bareland,Other bare soil,Fallow land,-0.22210295,41.42589571
4874,34682106,F40,Bareland,Other bare soil,Fallow land,-0.21629425,41.53569499
4877,34682340,F40,Bareland,Other bare soil,Fallow land,-0.58228928,43.62614144
4889,34702086,F40,Bareland,Other bare soil,Fallow land,-0.1629196,41.35917592
4905,34722690,F40,Bareland,Other bare soil,Agriculture (excluding fallow land and kitchen gardens),-1.14804117,46.74785889
4913,34742080,F40,Bareland,Other bare soil,Fallow land,-0.10680632,41.31031442
4916,34742218,F40,Bareland,Other bare soil,Fallow land,-0.3148881,42.5444142
4933,34762096,F40,Bareland,Other bare soil,Fallow land,-0.10666696,41.45592059
5006,34842090,F40,Bareland,Other bare soil,Fallow land,-0.003159,41.41181858
5030,34862128,F40,Bareland,Other bare soil,Fallow land,-0.03510721,41.75428624
5048,34882144,F40,Bareland,Other bare soil,Fallow land,-0.03492037,41.89983262
5062,34902136,F40,Bareland,Other bare soil,Fallow land,0.000739266,41.83065165
5116,34962650,F40,Bareland,Other bare soil,Agriculture (excluding fallow land and kitchen gardens),-0.76392276,46.42394955
5168,35022090,F40,Bareland,Other bare soil,Fallow land,0.209966366,41.43307598
5178,35022670,F40,Bareland,Other bare soil,Agriculture (excluding fallow land and kitchen gardens),-0.72264849,46.60969876
5181,35023254,F40,Bareland,Other bare soil,Agriculture (excluding fallow land and kitchen gardens),-1.93159283,51.79128635
5203,35062076,F40,Bareland,Other bare soil,Agriculture (excluding fallow land and kitchen gardens),0.27716123,41.31234886
5226,35083270,F40,Bareland,Other bare soil,Agriculture (excluding fallow land and kitchen gardens),-1.88330896,51.9416494
5292,35182142,F40,Bareland,Other bare soil,Fallow land,0.326005881,41.91725697
5308,35202706,F40,Bareland,Other bare soil,Agriculture (excluding fallow land and kitchen gardens),-0.554084,46.95321219
5345,35242684,F40,Bareland,Other bare soil,Agriculture (excluding fallow land and kitchen gardens),-0.46275238,46.76249591
5443,35362314,F40,Bareland,Other bare soil,Agriculture (excluding fallow land and kitchen gardens),0.292109442,43.47673657
5552,35502098,F40,Bareland,Other bare soil,Agriculture (excluding fallow land and kitchen gardens),0.768139859,41.55924332
5564,35522420,F40,Bareland,Other bare soil,Agriculture (excluding fallow land and kitchen gardens),0.329096099,44.44248127
5604,35562688,F40,Bareland,Other bare soil,Agriculture (excluding fallow land and kitchen gardens),-0.05408129,46.8378634
5691,35662682,F40,Bareland,Other bare soil,Agriculture (excluding fallow land and kitchen gardens),0.086083412,46.7964901
5697,35662910,F40,Bareland,Other bare soil,Agriculture (excluding fallow land and kitchen gardens),-0.31787455,48.82633549
5699,35663410,F40,Bareland,Other bare soil,Agriculture (excluding fallow land and kitchen gardens),-1.36773119,53.26424883
5815,35842448,F40,Bareland,Other bare soil,Agriculture (excluding fallow land and kitchen gardens),0.686474739,44.72918844
5898,35923300,F40,Bareland,Other bare soil,Agriculture (excluding fallow land and kitchen gardens),-0.73710712,52.32437646
5912,35942620,F40,Bareland,Other bare soil,Agriculture (excluding fallow land and kitchen gardens),0.549496593,46.27639395
5945,35982384,F40,Bareland,Other bare soil,Agriculture (excluding fallow land and kitchen gardens),0.954221017,44.17247731
5981,36042102,F40,Bareland,Other bare soil,Fallow land,1.40493619,41.65259673
6039,36142378,F40,Bareland,Other bare soil,Agriculture (excluding fallow land and kitchen gardens),1.161154445,44.1360021
6104,36242492,F40,Bareland,Other bare soil,Agriculture (excluding fallow land and kitchen gardens),1.125161463,45.16629864
6138,36282864,F40,Bareland,Other bare soil,Agriculture (excluding fallow land and kitchen gardens),0.598836889,48.49120045
6182,36342280,F40,Bareland,Other bare soil,Agriculture (excluding fallow land and kitchen gardens),1.539143748,43.27924438
6197,36362380,F40,Bareland,Other bare soil,Agriculture (excluding fallow land and kitchen gardens),1.431430472,44.17692688
6277,36482692,F40,Bareland,Other bare soil,Agriculture (excluding fallow land and kitchen gardens),1.138249282,46.97896172
6395,36662908,F40,Bareland,Other bare soil,Agriculture (excluding fallow land and kitchen gardens),1.039010948,48.92598183
6447,36742682,F40,Bareland,Other bare soil,Agriculture (excluding fallow land and kitchen gardens),1.492454719,46.91700245
6455,36762278,F40,Bareland,Other bare soil,Agriculture (excluding fallow land and kitchen gardens),2.055493181,43.3026497
6533,36903268,F40,Bareland,Other bare soil,Agriculture (excluding fallow land and kitchen gardens),0.750491388,52.16049146
6617,37062672,F40,Bareland,Other bare soil,Agriculture (excluding fallow land and kitchen gardens),1.924015635,46.85976747
6635,37083262,F40,Bareland,Other bare soil,Agriculture (excluding fallow land and kitchen gardens),1.022652204,52.1272539
6670,37182912,F40,Bareland,Other bare soil,Agriculture (excluding fallow land and kitchen gardens),1.738855784,49.01627616
6733,37282892,F40,Bareland,Other bare soil,Agriculture (excluding fallow land and kitchen gardens),1.904271157,48.84762533
6734,37282898,F40,Bareland,Other bare soil,Agriculture (excluding fallow land and kitchen gardens),1.89547359,48.90122089
6744,37303262,F40,Bareland,Other bare soil,Agriculture (excluding fallow land and kitchen gardens),1.341985757,52.1511414
6751,37322694,F40,Bareland,Other bare soil,Agriculture (excluding fallow land and kitchen gardens),2.234070878,47.08150923
6819,37423266,F40,Bareland,Other bare soil,Agriculture (excluding fallow land and kitchen gardens),1.509476403,52.19947453
6826,37442866,F40,Bareland,Other bare soil,Agriculture (excluding fallow land and kitchen gardens),2.158048916,48.63084957
6832,37443286,F40,Bareland,Other bare soil,Agriculture (excluding fallow land and kitchen gardens),1.50436166,52.37989349
7096,37862658,F40,Bareland,Other bare soil,Agriculture (excluding fallow land and kitchen gardens),2.985385292,46.80761827
7169,37942526,F40,Bareland,Other bare soil,Agriculture (excluding fallow land and kitchen gardens),3.240580652,45.63119664
7207,38002538,F40,Bareland,Other bare soil,Agriculture (excluding fallow land and kitchen gardens),3.303967281,45.74368874
7260,38083092,F40,Bareland,Other bare soil,Agriculture (excluding fallow land and kitchen gardens),2.723729714,50.70994004
7338,38202992,F40,Bareland,Other bare soil,Agriculture (excluding fallow land and kitchen gardens),3.026108305,49.82621967
7446,38382440,F40,Bareland,Other bare soil,Agriculture (excluding fallow land and kitchen gardens),3.88866948,44.89358961
7461,38403112,F40,Bareland,Other bare soil,Fallow land,3.148808539,50.9164974
7497,38463052,F40,Bareland,Other bare soil,Agriculture (excluding fallow land and kitchen gardens),3.311094675,50.38474488
7537,38522992,F40,Bareland,Other bare soil,Agriculture (excluding fallow land and kitchen gardens),3.469351802,49.85265115
7610,38643070,F40,Bareland,Other bare soil,Agriculture (excluding fallow land and kitchen gardens),3.541263939,50.56032347
7637,38703124,F40,Bareland,Other bare soil,Kitchen gardens,3.559101525,51.04833175
7719,38843040,F40,Bareland,Other bare soil,Agriculture (excluding fallow land and kitchen gardens),3.857818148,50.30720554
7750,38902676,F40,Bareland,Other bare soil,Agriculture (excluding fallow land and kitchen gardens),4.326358254,47.04901887
7846,39082708,F40,Bareland,Other bare soil,Agriculture (excluding fallow land and kitchen gardens),4.532502585,47.34832101
7848,39082798,F40,Bareland,Other bare soil,Agriculture (excluding fallow land and kitchen gardens),4.445680177,48.15569617
7849,39082838,F40,Bareland,Other bare soil,Agriculture (excluding fallow land and kitchen gardens),4.405953543,48.51440068
7868,39122716,F40,Bareland,Other bare soil,Agriculture (excluding fallow land and kitchen gardens),4.577784532,47.42275197
7886,39162544,F40,Bareland,Other bare soil,Agriculture (excluding fallow land and kitchen gardens),4.784845279,45.88106813
7891,39162828,F40,Bareland,Other bare soil,Agriculture (excluding fallow land and kitchen gardens),4.523760892,48.4301218
7894,39182332,F40,Bareland,Other bare soil,Agriculture (excluding fallow land and kitchen gardens),4.984730734,43.97633339
7944,39282320,F10,Bareland,Rocks and stones,Mining and quarrying,5.118049914,43.87430109
7954,39302802,F40,Bareland,Other bare soil,Agriculture (excluding fallow land and kitchen gardens),4.736905399,48.20606302
8103,39622640,F40,Bareland,Other bare soil,Agriculture (excluding fallow land and kitchen gardens),5.300664799,46.77109515
8813,41103310,F20,Bareland,Sand,Semi-natural and natural areas not in use,6.866480132,52.85779998
9021,41502868,F40,Bareland,Other bare soil,Construction,7.667926877,48.90088365
9347,42102744,F40,Bareland,Other bare soil,Agriculture (excluding fallow land and kitchen gardens),8.519062653,47.79960685
9394,42182910,F40,Bareland,Other bare soil,Agriculture (excluding fallow land and kitchen gardens),8.584220281,49.29407337
9434,42243262,F40,Bareland,Other bare soil,Agriculture (excluding fallow land and kitchen gardens),8.572896095,52.45878067
9475,42322820,F40,Bareland,Other bare soil,Agriculture (excluding fallow land and kitchen gardens),8.796427043,48.48690884
9613,42522920,F40,Bareland,Other bare soil,Agriculture (excluding fallow land and kitchen gardens),9.049761141,49.38891196
9830,42862942,F40,Bareland,Other bare soil,Agriculture (excluding fallow land and kitchen gardens),9.516013782,49.58972965
9911,42983346,F40,Bareland,Other bare soil,Agriculture (excluding fallow land and kitchen gardens),9.655677646,53.22170133
10032,43163422,F40,Bareland,Other bare soil,Agriculture (excluding fallow land and kitchen gardens),9.923938476,53.90511127
10145,43322980,F40,Bareland,Other bare soil,Agriculture (excluding fallow land and kitchen gardens),10.15319246,49.93236495
10183,43383160,F40,Bareland,Other bare soil,Agriculture (excluding fallow land and kitchen gardens),10.24508478,51.55035892
10486,43823034,F40,Bareland,Other bare soil,Construction,10.85818995,50.41477242
10636,44062810,F40,Bareland,Other bare soil,Agriculture (excluding fallow land and kitchen gardens),11.14743364,48.39752893
10651,44083162,F40,Bareland,Other bare soil,Agriculture (excluding fallow land and kitchen gardens),11.25464292,51.56187192
10667,44103214,F40,Bareland,Other bare soil,Agriculture (excluding fallow land and kitchen gardens),11.29681394,52.02883344
10706,44162612,F40,Bareland,Other bare soil,Fallow land,11.23900454,46.61422231
10713,44163194,F40,Bareland,Other bare soil,Agriculture (excluding fallow land and kitchen gardens),11.37870384,51.84813005
10747,44203092,F40,Bareland,Other bare soil,Agriculture (excluding fallow land and kitchen gardens),11.40827771,50.93082515
10825,44282812,F40,Bareland,Other bare soil,Agriculture (excluding fallow land and kitchen gardens),11.44487198,48.41204341
10955,44422810,F40,Bareland,Other bare soil,Agriculture (excluding fallow land and kitchen gardens),11.63328518,48.3914279
10990,44462210,F40,Bareland,Other bare soil,Agriculture (excluding fallow land and kitchen gardens),11.52825834,42.98565826
11044,44503514,F20,Bareland,Sand,"Amenities, museum, leisure (e.g. parks, botanical gardens)",12.00131852,54.71579298
11335,44783890,F40,Bareland,Other bare soil,Agriculture (excluding fallow land and kitchen gardens),12.65802563,58.08525658
11413,44862326,F40,Bareland,Other bare soil,Fallow land,12.05363138,44.02350524
11549,44964264,F40,Bareland,Other bare soil,Forestry,13.26947767,61.44045003
11552,44982258,F40,Bareland,Other bare soil,Fallow land,12.17973774,43.40719731
11637,45062338,F40,Bareland,Other bare soil,Fallow land,12.30677663,44.12644476
11911,45302242,F40,Bareland,Other bare soil,Fallow land,12.56724805,43.25375102
11932,45322320,F40,Bareland,Other bare soil,Construction,12.62333616,43.95646694
11974,45362696,F40,Bareland,Other bare soil,Agriculture (excluding fallow land and kitchen gardens),12.84368624,47.34044953
12103,45482566,F40,Bareland,Other bare soil,Fallow land,12.93665018,46.16672082
12289,45622926,F40,Bareland,Other bare soil,Agriculture (excluding fallow land and kitchen gardens),13.32075488,49.39793907
12549,45843604,F40,Bareland,Other bare soil,Agriculture (excluding fallow land and kitchen gardens),14.1592606,55.47238194
12688,45963310,F20,Bareland,Sand,Forestry,14.08232502,52.82925931
12970,46183938,F20,Bareland,Sand,Mining and quarrying,15.08262902,58.44794927
13019,46222968,F40,Bareland,Other bare soil,Agriculture (excluding fallow land and kitchen gardens),14.17843214,49.74755799
13036,46242712,F40,Bareland,Other bare soil,Forestry,14.01701646,47.44761372
13080,46264276,F40,Bareland,Other bare soil,Forestry,15.70912701,61.47386169
13150,46323266,F40,Bareland,Other bare soil,Agriculture (excluding fallow land and kitchen gardens),14.57422453,52.41541228
13391,46503198,F40,Bareland,Other bare soil,Agriculture (excluding fallow land and kitchen gardens),14.77270206,51.79536298
13420,46524186,F40,Bareland,Other bare soil,Forestry,16.04090759,60.6473641
13556,46624330,F40,Bareland,Other bare soil,Forestry,16.47815562,61.93014138
13665,46703700,F40,Bareland,Other bare soil,Forestry,15.6367991,56.28028193
13697,46724070,F40,Bareland,Other bare soil,Agriculture (excluding fallow land and kitchen gardens),16.20880353,59.59246684
13777,46783194,F40,Bareland,Other bare soil,Agriculture (excluding fallow land and kitchen gardens),15.17357284,51.74236259
13891,46864444,F40,Bareland,Other bare soil,Forestry,17.16660163,62.93082884
13895,46881576,F40,Bareland,Other bare soil,Forestry,14.1009764,37.16823442
13983,46941996,F40,Bareland,Other bare soil,Fallow land,14.41423949,40.96518998
14008,46962118,F40,Bareland,Other bare soil,Fallow land,14.51770815,42.06480974
14051,47001602,F40,Bareland,Other bare soil,Fallow land,14.24921927,37.39806619
14108,47044076,F40,Bareland,Other bare soil,Agriculture (excluding fallow land and kitchen gardens),16.78222254,59.61988981
14265,47182862,F40,Bareland,Other bare soil,Agriculture (excluding fallow land and kitchen gardens),15.40128491,48.74033774
14339,47244042,F40,Bareland,Other bare soil,Agriculture (excluding fallow land and kitchen gardens),17.07131079,59.29819103
14364,47264704,F40,Bareland,Other bare soil,Forestry,18.62212542,65.21852201
14389,47301996,F40,Bareland,Other bare soil,Fallow land,14.8393725,40.94531355
14434,47323986,F40,Bareland,Other bare soil,Agriculture (excluding fallow land and kitchen gardens),17.10814991,58.79023222
14462,47361956,F20,Bareland,Sand,Semi-natural and natural areas not in use,14.88217442,40.58081432
14569,47461998,F40,Bareland,Other bare soil,Fallow land,15.0296886,40.95393893
14597,47464096,F40,Bareland,Other bare soil,Agriculture (excluding fallow land and kitchen gardens),17.56026164,59.76066075
14624,47502046,F40,Bareland,Other bare soil,Fallow land,15.11230619,41.38447375
14786,47662094,F40,Bareland,Other bare soil,Fallow land,15.33987567,41.80718545
14859,47722070,F40,Bareland,Other bare soil,Fallow land,15.39262956,41.58703701
14860,47722096,F40,Bareland,Other bare soil,Fallow land,15.4132668,41.82135045
14867,47722698,F40,Bareland,Other bare soil,Agriculture (excluding fallow land and kitchen gardens),15.95843327,47.23225331
14873,47722988,F40,Bareland,Other bare soil,Agriculture (excluding fallow land and kitchen gardens),16.27644413,49.83094201
14950,47802066,F40,Bareland,Other bare soil,Fallow land,15.48479997,41.54578571
14961,47803200,F40,Bareland,Other bare soil,Agriculture (excluding fallow land and kitchen gardens),16.65293734,51.72184067
14985,47822830,F40,Bareland,Other bare soil,Agriculture (excluding fallow land and kitchen gardens),16.2326613,48.40811053
15000,47842050,F40,Bareland,Other bare soil,Fallow land,15.51955316,41.39894621
15017,47862978,F40,Bareland,Other bare soil,Agriculture (excluding fallow land and kitchen gardens),16.45834221,49.73050594
15100,47982054,F40,Bareland,Other bare soil,Fallow land,15.68925628,41.42562427
15101,47982076,F40,Bareland,Other bare soil,Fallow land,15.70758069,41.62385958
15106,47982724,F40,Bareland,Other bare soil,Agriculture (excluding fallow land and kitchen gardens),16.32889012,47.44597014
15108,47982822,F40,Bareland,Other bare soil,Agriculture (excluding fallow land and kitchen gardens),16.4388259,48.3240934
15274,48162724,F40,Bareland,Other bare soil,Agriculture (excluding fallow land and kitchen gardens),16.56663251,47.43187484
15349,48243334,F40,Bareland,Other bare soil,Agriculture (excluding fallow land and kitchen gardens),17.48661446,52.88120584
15486,48403270,F40,Bareland,Other bare soil,Agriculture (excluding fallow land and kitchen gardens),17.62309911,52.29473362
15496,48421742,F40,Bareland,Other bare soil,Fallow land,15.94645089,38.57966483
15536,48462776,F40,Bareland,Other bare soil,Agriculture (excluding fallow land and kitchen gardens),17.02603165,47.87283271
15628,48562014,F40,Bareland,Other bare soil,Fallow land,16.34162969,41.0235651
15855,48843166,F40,Bareland,Other bare soil,Agriculture (excluding fallow land and kitchen gardens),18.09562622,51.32373038
15957,48981794,F20,Bareland,Sand,Sport,16.62977267,39.00751506
16026,49064820,F40,Bareland,Other bare soil,Forestry,22.87301583,66.00191503
16162,49263172,F40,Bareland,Other bare soil,Agriculture (excluding fallow land and kitchen gardens),18.70471254,51.33391178
16201,49341818,F40,Bareland,Other bare soil,Fallow land,17.06472893,39.19476671
16283,49425226,F20,Bareland,Sand,Semi-natural and natural areas not in use,25.87322779,69.51694693
16382,49584312,F40,Bareland,Other bare soil,Forestry,21.95625964,61.42174079
16387,49602580,F40,Bareland,Other bare soil,Agriculture (excluding fallow land and kitchen gardens),18.26008358,46.01323356
16437,49663414,F40,Bareland,Other bare soil,Agriculture (excluding fallow land and kitchen gardens),19.7397718,53.44317732
16457,49684592,F40,Bareland,Other bare soil,Forestry,23.18547884,63.8818438
16522,49782648,F40,Bareland,Other bare soil,Agriculture (excluding fallow land and kitchen gardens),18.58829166,46.60283172
16595,49862704,F40,Bareland,Other bare soil,Agriculture (excluding fallow land and kitchen gardens),18.77528347,47.09467184
16663,49962670,F40,Bareland,Other bare soil,Agriculture (excluding fallow land and kitchen gardens),18.8546147,46.780354
16691,49984222,F40,Bareland,Other bare soil,Fallow land,22.38097881,60.56381111
16746,50043106,F40,Bareland,Other bare soil,Agriculture (excluding fallow land and kitchen gardens),19.69103003,50.65802204
16791,50084216,F40,Bareland,Other bare soil,Fallow land,22.53971673,60.49501543
16840,50143110,F40,Bareland,Other bare soil,Agriculture (excluding fallow land and kitchen gardens),19.83890359,50.68164891
16841,50143134,F40,Bareland,Other bare soil,Agriculture (excluding fallow land and kitchen gardens),19.88435678,50.89513966
16884,50183044,F40,Bareland,Other bare soil,Agriculture (excluding fallow land and kitchen gardens),19.77201093,50.08959345
16905,50203374,F40,Bareland,Other bare soil,Agriculture (excluding fallow land and kitchen gardens),20.45765198,53.02040072
16935,50242604,F40,Bareland,Other bare soil,Agriculture (excluding fallow land and kitchen gardens),19.11689068,46.16050817
17073,50343782,F40,Bareland,Other bare soil,Forestry,21.6630399,56.61786547
17111,50383356,F40,Bareland,Other bare soil,Agriculture (excluding fallow land and kitchen gardens),20.683723,52.83715536
17138,50403352,F40,Bareland,Other bare soil,Agriculture (excluding fallow land and kitchen gardens),20.70434249,52.7990225
17146,50422622,F40,Bareland,Other bare soil,Agriculture (excluding fallow land and kitchen gardens),19.37636798,46.30107246
17304,50583244,F40,Bareland,Other bare soil,Fallow land,20.73244587,51.8168379
17433,50702782,F40,Bareland,Other bare soil,Agriculture (excluding fallow land and kitchen gardens),20.00679184,47.69459832
17455,50722774,F40,Bareland,Other bare soil,Agriculture (excluding fallow land and kitchen gardens),20.01924162,47.62092403
17548,50823054,F40,Bareland,Other bare soil,Agriculture (excluding fallow land and kitchen gardens),20.6783672,50.0984827
17595,50883322,F40,Bareland,Other bare soil,Agriculture (excluding fallow land and kitchen gardens),21.33896801,52.46781677
17611,50903700,F40,Bareland,Other bare soil,Fallow land,22.32734528,55.8091005
17710,51022728,F40,Bareland,Other bare soil,Fallow land,20.33242594,47.1743263
17962,51283140,F40,Bareland,Other bare soil,Agriculture (excluding fallow land and kitchen gardens),21.50093559,50.79903961
18023,51362622,F40,Bareland,Other bare soil,Agriculture (excluding fallow land and kitchen gardens),20.58527112,46.18764506
18048,51382692,F40,Bareland,Other bare soil,Agriculture (excluding fallow land and kitchen gardens),20.73672074,46.80802421
18190,51523666,F40,Bareland,Other bare soil,Agriculture (excluding fallow land and kitchen gardens),23.19920196,55.41074431
18299,51643018,F40,Bareland,Other bare soil,Agriculture (excluding fallow land and kitchen gardens),21.73298807,49.6668758
18334,51664262,F40,Bareland,Other bare soil,Agriculture (excluding fallow land and kitchen gardens),25.5330365,60.61913586
18418,51763332,F40,Bareland,Other bare soil,Agriculture (excluding fallow land and kitchen gardens),22.64252743,52.42639825
18483,51823578,F40,Bareland,Other bare soil,Construction,23.40288478,54.5860738
18507,51843370,F40,Bareland,Other bare soil,Agriculture (excluding fallow land and kitchen gardens),22.85748289,52.74926754
18552,51883720,F40,Bareland,Other bare soil,Fallow land,23.92609935,55.8253502
18572,51903328,F40,Bareland,Other bare soil,Agriculture (excluding fallow land and kitchen gardens),22.83522551,52.36914922
18573,51903342,F40,Bareland,Other bare soil,Agriculture (excluding fallow land and kitchen gardens),22.87160823,52.49269521
18589,51923376,F40,Bareland,Other bare soil,Agriculture (excluding fallow land and kitchen gardens),22.99025484,52.78946823
18719,52043360,F40,Bareland,Other bare soil,Agriculture (excluding fallow land and kitchen gardens),23.12272773,52.62907731
18760,52083090,F40,Bareland,Other bare soil,Agriculture (excluding fallow land and kitchen gardens),22.5021767,50.23901681
18789,52123372,F40,Bareland,Other bare soil,Agriculture (excluding fallow land and kitchen gardens),23.27160226,52.7218659
18828,52163368,F40,Bareland,Other bare soil,Agriculture (excluding fallow land and kitchen gardens),23.31907998,52.68006895
18865,52203314,F20,Bareland,Sand,Mining and quarrying,23.23211901,52.19758866
18923,52263808,F30,Bareland,Lichens and Moss,Forestry,24.81673887,56.52989938
19014,52364058,F40,Bareland,Other bare soil,Agriculture (excluding fallow land and kitchen gardens),25.90770848,58.69788651
19057,52404444,F40,Bareland,Other bare soil,Fallow land,27.71636045,62.04918746
19074,52423748,F40,Bareland,Other bare soil,Fallow land,24.8649732,55.97449206
19105,52463692,F40,Bareland,Other bare soil,Fallow land,24.74027641,55.47625256
19251,52641966,F40,Bareland,Other bare soil,Semi-natural and natural areas not in use,21.05797236,40.16933021
19264,52644474,F30,Bareland,Lichens and Moss,Forestry,28.31572298,62.25426181
19354,52763704,F40,Bareland,Other bare soil,Agriculture (excluding fallow land and kitchen gardens),25.24592194,55.52555984
19358,52764050,F40,Bareland,Other bare soil,Agriculture (excluding fallow land and kitchen gardens),26.54599415,58.5467759
19383,52803628,F40,Bareland,Other bare soil,Agriculture (excluding fallow land and kitchen gardens),25.05244629,54.85260294
19473,52921964,F40,Bareland,Other bare soil,Agriculture (excluding fallow land and kitchen gardens),21.37919864,40.11410134
19577,53063898,F40,Bareland,Other bare soil,Fallow land,26.42848422,57.16080314
19605,53103854,F40,Bareland,Other bare soil,Fallow land,26.32286581,56.76916659
19608,53121722,F40,Bareland,Other bare soil,Residential,21.23411834,37.92100912
19609,53121854,F10,Bareland,Rocks and stones,Semi-natural and natural areas not in use,21.43522195,39.10329506
19640,53162024,F40,Bareland,Other bare soil,Agriculture (excluding fallow land and kitchen gardens),21.75617174,40.616974
19657,53201730,F40,Bareland,Other bare soil,Agriculture (excluding fallow land and kitchen gardens),21.33577185,37.9820466
19693,53241950,F40,Bareland,Other bare soil,Agriculture (excluding fallow land and kitchen gardens),21.72645481,39.94506909
19706,53261740,F40,Bareland,Other bare soil,Agriculture (excluding fallow land and kitchen gardens),21.41819961,38.06358865
19998,53621866,F40,Bareland,Other bare soil,Semi-natural and natural areas not in use,22.02443733,39.14105153
20023,53661974,F10,Bareland,Rocks and stones,Semi-natural and natural areas not in use,22.25188795,40.0994684
20520,54442242,F40,Bareland,Other bare soil,Agriculture (excluding fallow land and kitchen gardens),23.67139089,42.362261
20591,54581828,F40,Bareland,Other bare soil,Agriculture (excluding fallow land and kitchen gardens),23.04925738,38.65922303
20720,54842098,F40,Bareland,Other bare soil,Agriculture (excluding fallow land and kitchen gardens),23.85391186,41.01955174
20775,54961780,F40,Bareland,Other bare soil,Agriculture (excluding fallow land and kitchen gardens),23.39199518,38.17175292
20776,54961790,F40,Bareland,Other bare soil,Agriculture (excluding fallow land and kitchen gardens),23.40985276,38.26090825
20949,55362256,F40,Bareland,Other bare soil,Agriculture (excluding fallow land and kitchen gardens),24.79932416,42.32977614
21015,55482336,F40,Bareland,Other bare soil,Agriculture (excluding fallow land and kitchen gardens),25.12327292,43.01456482
21182,55842368,F40,Bareland,Other bare soil,Agriculture (excluding fallow land and kitchen gardens),25.63252694,43.2303569
21216,55922368,F40,Bareland,Other bare soil,Agriculture (excluding fallow land and kitchen gardens),25.729129,43.21535429
21350,56302302,F40,Bareland,Other bare soil,Agriculture (excluding fallow land and kitchen gardens),26.02666457,42.56244705
21356,56322276,F40,Bareland,Other bare soil,Agriculture (excluding fallow land and kitchen gardens),25.98828032,42.32980507
21499,56742272,F40,Bareland,Other bare soil,Agriculture (excluding fallow land and kitchen gardens),26.47736997,42.21330666
21621,57081466,F40,Bareland,Other bare soil,Agriculture (excluding fallow land and kitchen gardens),25.14291249,35.01585689
21759,57802622,F40,Bareland,Other bare soil,Agriculture (excluding fallow land and kitchen gardens),28.712081,45.04994565
21766,57882508,F40,Bareland,Other bare soil,Agriculture (excluding fallow land and kitchen gardens),28.47443109,44.04040082
21773,57922630,F40,Bareland,Other bare soil,Agriculture (excluding fallow land and kitchen gardens),28.8846806,45.09238838
21778,57962548,F40,Bareland,Other bare soil,Agriculture (excluding fallow land and kitchen gardens),28.6885701,44.37072277
21820,64161658,F40,Bareland,Other bare soil,Agriculture (excluding fallow land and kitchen gardens),33.12634593,35.11796322
21854,64881666,F40,Bareland,Other bare soil,Fallow land,33.90708481,34.98924224
